[{"name":"ram","work":"Assistant Professor","password":"priya"},{"name":"vijay","work":"Assistant Professor","password":"cmrit"},{"name":"niranjan","work":"Assistant Professor","password":"peddi"},{"name":"Lakshmi","work":"Asst Prof","password":"Cmrit@123"},{"name":"bhavani","work":"Asst prof","password":"12345"},{"name":"komal","work":"asst.prof","password":"12345"},{"name":"rampriya","work":"Asst Prof","password":"1234"},{"name":"ramu","work":"Asst Prof","password":"123456"},{"name":"niranjan","work":"asst.prof","password":"123456"},{"name":"niranjanpeddi","work":"xxxxxx","password":"123456"},{"name":"yyyy","work":"xxxxx","password":"123456"},{"name":"nnnnn","work":"ssss","password":"aaaa"},{"name":"ccccc","work":"xxx","password":"uuuu"},{"name":"yyyy","work":"222","password":"222"},{"name":"priya","work":"a","password":"333"}]